metric,value
built_at_utc,2026-09-27T11:31:18Z
source_classes,C:\Users\pavan\OneDrive\Desktop\suryavamshi\Balanced_Final_Split
source_irrelevant,C:\Users\pavan\OneDrive\Desktop\suryavamshi\Irrelevant
dataset_root,C:\Users\pavan\OneDrive\Desktop\suryavamshi\Balanced_From_Sources
seed,42
test_fraction,0.2000
val_split_of_train,0.1500
raw_images,8100
unreadable_skipped,0
exact_duplicates_removed,2171
cross_class_duplicates_removed,0
unique_images,5929
train_images,4740
test_images,1189
dataset_fingerprint_sha256,0c27cf041e35f4f74b8e862ff143ef3975a7387ae77e5436fb4c1bc213fde3bb
train_BacterialSpot,560
test_BacterialSpot,140
train_Black_Rot,720
test_Black_Rot,180
train_DownyMildew,682
test_DownyMildew,171
train_Esca,700
test_Esca,176
train_Healthy,664
test_Healthy,167
train_Irrelavant,746
test_Irrelavant,187
train_PowderyMildew,668
test_PowderyMildew,168
