epoch,train_loss,val_loss,train_acc,train_acc_clean,val_acc,lr,epoch_seconds,mixup_batches,total_batches
1,1.783820,1.401925,0.281156,0.316578,0.561181,0.000333,37.990002,245,504
2,1.408089,0.977162,0.482121,0.563325,0.815752,0.000667,24.198590,248,504
3,1.268156,0.891912,0.571720,0.670641,0.824191,0.001000,24.686036,252,504
4,1.209960,0.794604,0.610356,0.703629,0.876231,0.001000,25.130137,256,504
5,1.140762,0.716402,0.645849,0.749519,0.895921,0.000998,25.562133,244,504
6,1.117942,0.671317,0.653834,0.764156,0.907173,0.000992,26.333538,263,504
7,1.103807,0.668224,0.659993,0.785156,0.905767,0.000983,25.517232,248,504
8,1.048928,0.672584,0.697880,0.810096,0.909986,0.000970,26.552846,244,504
9,1.033319,0.687956,0.709512,0.815485,0.900141,0.000953,25.971583,255,504
10,1.233435,0.707241,0.611107,0.711873,0.894515,0.000933,34.023328,252,504
11,1.106293,0.698125,0.677152,0.764554,0.909986,0.000910,33.835190,261,504
12,1.087185,0.651205,0.678228,0.771870,0.914205,0.000883,33.650660,245,504
13,1.067553,0.636477,0.686466,0.798557,0.932489,0.000854,33.545903,261,504
14,1.042389,0.610099,0.719433,0.788265,0.946554,0.000821,33.732283,259,504
15,1.046633,0.630355,0.692172,0.820991,0.938115,0.000787,33.546092,269,504
16,1.022003,0.615329,0.705338,0.819215,0.931083,0.000750,33.996301,262,504
17,1.044104,0.586659,0.698166,0.803081,0.953586,0.000711,33.833729,244,504
18,1.027709,0.582401,0.704525,0.841521,0.952180,0.000671,33.562279,267,504
19,0.994297,0.587897,0.719850,0.833766,0.956399,0.000629,33.796320,263,504
20,0.987289,0.587839,0.732596,0.831247,0.945148,0.000587,34.296000,254,504
21,0.964052,0.565182,0.735392,0.851559,0.963432,0.000544,34.165550,251,504
22,0.977798,0.602157,0.729914,0.847596,0.945148,0.000500,33.491295,244,504
23,0.923919,0.568405,0.748236,0.856946,0.954993,0.000456,33.930539,231,504
24,0.957010,0.563203,0.748936,0.855319,0.962025,0.000413,34.038280,269,504
25,0.926867,0.558939,0.751943,0.866245,0.963432,0.000371,33.623412,247,504
26,0.907988,0.557008,0.772604,0.872276,0.953586,0.000329,34.225803,257,504
27,0.898572,0.555260,0.767302,0.875479,0.962025,0.000289,33.706806,243,504
28,0.953114,0.542827,0.737395,0.877363,0.971871,0.000250,33.960271,259,504
29,0.925338,0.561958,0.756767,0.877971,0.957806,0.000213,34.454736,267,504
30,0.924126,0.569974,0.749070,0.879616,0.952180,0.000179,33.692024,243,504
31,0.906027,0.556746,0.747553,0.880853,0.959212,0.000146,34.036244,234,504
32,0.856660,0.554982,0.794449,0.878937,0.960619,0.000117,33.966581,250,504
33,0.929831,0.556424,0.773485,0.869493,0.962025,0.000090,34.071158,277,504
34,0.875123,0.550133,0.783218,0.887548,0.963432,0.000067,33.846533,245,504
35,0.917269,0.565416,0.761490,0.876033,0.957806,0.000047,33.770179,262,504
36,0.876416,0.562056,0.768457,0.887405,0.954993,0.000030,33.734593,242,504
37,0.931438,0.552077,0.748076,0.879938,0.963432,0.000017,34.231260,260,504
38,0.897110,0.564346,0.776488,0.887376,0.957806,0.000008,34.001049,265,504
